[
  {
    "id": "c72226d0-ea74-4153-8aad-c14f260c390a",
    "data": [
      {
        "text": "kiet+",
        "userDefined": false
      }
    ],
    "isTemplate": false,
    "count": 0,
    "lang": "en",
    "updated": 0
  },
  {
    "id": "fef15cc7-69d3-47db-b16e-a3c704e60485",
    "data": [
      {
        "text": "kiet",
        "userDefined": false
      }
    ],
    "isTemplate": false,
    "count": 0,
    "lang": "en",
    "updated": 0
  },
  {
    "id": "e4c96bc4-f5cf-4641-ac1d-93dea891de0d",
    "data": [
      {
        "text": "kiet+ courses",
        "userDefined": false
      }
    ],
    "isTemplate": false,
    "count": 0,
    "lang": "en",
    "updated": 0
  },
  {
    "id": "6cbabd4f-8643-4d6c-99ce-13c22e412c15",
    "data": [
      {
        "text": "kiet courses",
        "userDefined": false
      }
    ],
    "isTemplate": false,
    "count": 0,
    "lang": "en",
    "updated": 0
  },
  {
    "id": "93317f2b-c12f-4fd0-8567-6bf6172b97bb",
    "data": [
      {
        "text": "what are courses available in ",
        "userDefined": false
      },
      {
        "text": "kiet",
        "meta": "@sys.person",
        "alias": "person",
        "userDefined": false
      }
    ],
    "isTemplate": false,
    "count": 0,
    "lang": "en",
    "updated": 0
  },
  {
    "id": "e048ee3e-e794-4058-a1d2-f86f9fc18414",
    "data": [
      {
        "text": "which courses are available in KIET",
        "userDefined": false
      }
    ],
    "isTemplate": false,
    "count": 0,
    "lang": "en",
    "updated": 0
  }
]