[
  {
    "value": "data science",
    "synonyms": [
      "data science",
      "data",
      "science course",
      "csd",
      "ds"
    ]
  },
  {
    "value": "machine learning",
    "synonyms": [
      "machine learning",
      "machine",
      "deep learning",
      "ml",
      "aiml",
      "csm"
    ]
  },
  {
    "value": "Cyber Security",
    "synonyms": [
      "Cyber Security",
      "cyber",
      "hack",
      "hacking",
      "csc",
      "security"
    ]
  },
  {
    "value": "Artificial Intelligence",
    "synonyms": [
      "Artificial Intelligence",
      "ai",
      "cai",
      "csai",
      "artificial",
      "intelligence"
    ]
  },
  {
    "value": "Artificial Intelligence and data science",
    "synonyms": [
      "Artificial Intelligence and data science",
      "csaids",
      "aid",
      "aids"
    ]
  }
]