[
  {
    "value": "hi",
    "synonyms": [
      "hi",
      "hello",
      "helo"
    ]
  },
  {
    "value": "good morning",
    "synonyms": [
      "good morning",
      "morning"
    ]
  },
  {
    "value": "good evening",
    "synonyms": [
      "good evening",
      "evening"
    ]
  },
  {
    "value": "good afternoon",
    "synonyms": [
      "good afternoon",
      "afternoon"
    ]
  },
  {
    "value": "good night",
    "synonyms": [
      "good night",
      "night",
      "good ni8"
    ]
  }
]