[
  {
    "id": "a7eb0fae-382c-4c3b-a037-526d7c175d30",
    "data": [
      {
        "text": "i would know about kiet",
        "userDefined": false
      }
    ],
    "isTemplate": false,
    "count": 0,
    "lang": "en",
    "updated": 0
  },
  {
    "id": "d03bf0cb-fed3-4bc6-9e70-ab763e28ff57",
    "data": [
      {
        "text": "1",
        "userDefined": false
      },
      {
        "text": " about us",
        "userDefined": false
      }
    ],
    "isTemplate": false,
    "count": 0,
    "lang": "en",
    "updated": 0
  },
  {
    "id": "96a349b4-8ece-4dd7-bf11-3a438fb24f32",
    "data": [
      {
        "text": "1",
        "userDefined": false
      },
      {
        "text": " about",
        "userDefined": false
      }
    ],
    "isTemplate": false,
    "count": 0,
    "lang": "en",
    "updated": 0
  }
]