[
  {
    "id": "b410dea1-7968-462c-a2dd-38a9d5e81777",
    "data": [
      {
        "text": "i would know about",
        "userDefined": false
      }
    ],
    "isTemplate": false,
    "count": 0,
    "lang": "en",
    "updated": 0
  },
  {
    "id": "0ba3c094-2f79-4152-ac10-b7f9decaaf79",
    "data": [
      {
        "text": "abot",
        "userDefined": false
      }
    ],
    "isTemplate": false,
    "count": 0,
    "lang": "en",
    "updated": 0
  },
  {
    "id": "d03bf0cb-fed3-4bc6-9e70-ab763e28ff57",
    "data": [
      {
        "text": "1",
        "userDefined": false
      },
      {
        "text": " about us",
        "userDefined": false
      }
    ],
    "isTemplate": false,
    "count": 0,
    "lang": "en",
    "updated": 0
  },
  {
    "id": "96a349b4-8ece-4dd7-bf11-3a438fb24f32",
    "data": [
      {
        "text": "1",
        "userDefined": false
      },
      {
        "text": " about",
        "userDefined": false
      }
    ],
    "isTemplate": false,
    "count": 0,
    "lang": "en",
    "updated": 0
  }
]