[
  {
    "id": "bb50ddfd-83ab-4811-876c-4087c7d31476",
    "data": [
      {
        "text": "campus life",
        "userDefined": false
      }
    ],
    "isTemplate": false,
    "count": 1,
    "lang": "en",
    "updated": 0
  },
  {
    "id": "151e6e83-4ce1-4d5b-ba7f-22a6b65579af",
    "data": [
      {
        "text": "5",
        "meta": "@sys.number",
        "alias": "number",
        "userDefined": false
      },
      {
        "text": " campus life",
        "userDefined": false
      }
    ],
    "isTemplate": false,
    "count": 0,
    "lang": "en",
    "updated": 0
  }
]