[
  {
    "id": "daa2f960-8d02-40bc-9d8c-b6e5b0284af9",
    "data": [
      {
        "text": "good afternoon",
        "meta": "@greetings",
        "alias": "greetings",
        "userDefined": false
      }
    ],
    "isTemplate": false,
    "count": 0,
    "lang": "en",
    "updated": 0
  },
  {
    "id": "ab555cc3-4afc-41bd-92e9-fa99fb3c853b",
    "data": [
      {
        "text": "good evening",
        "meta": "@greetings",
        "alias": "greetings",
        "userDefined": false
      }
    ],
    "isTemplate": false,
    "count": 0,
    "lang": "en",
    "updated": 0
  },
  {
    "id": "de9a7b93-a48f-4447-a6de-f669ceece95d",
    "data": [
      {
        "text": "good morning",
        "meta": "@greetings",
        "alias": "greetings",
        "userDefined": false
      }
    ],
    "isTemplate": false,
    "count": 0,
    "lang": "en",
    "updated": 0
  },
  {
    "id": "82fc9c01-2504-4ac4-8976-10de47b9f1f8",
    "data": [
      {
        "text": "hello",
        "meta": "@greetings",
        "alias": "greetings",
        "userDefined": false
      }
    ],
    "isTemplate": false,
    "count": 0,
    "lang": "en",
    "updated": 0
  },
  {
    "id": "68fd1117-229e-4eaf-8967-d8da4c14ee5c",
    "data": [
      {
        "text": "hi",
        "meta": "@greetings",
        "alias": "greetings",
        "userDefined": false
      }
    ],
    "isTemplate": false,
    "count": 0,
    "lang": "en",
    "updated": 0
  }
]