[
  {
    "id": "ee755b48-4e04-4769-9316-c05375ac3d11",
    "data": [
      {
        "text": "who is the princple of kite",
        "userDefined": false
      }
    ],
    "isTemplate": false,
    "count": 0,
    "lang": "en",
    "updated": 0
  },
  {
    "id": "792431be-1f6e-4556-a23a-f760230686f7",
    "data": [
      {
        "text": "princple of kiet",
        "userDefined": false
      }
    ],
    "isTemplate": false,
    "count": 0,
    "lang": "en",
    "updated": 0
  },
  {
    "id": "efd83d3a-c2f0-490b-a857-5bc9ecb4a071",
    "data": [
      {
        "text": "princple",
        "userDefined": false
      }
    ],
    "isTemplate": false,
    "count": 0,
    "lang": "en",
    "updated": 0
  },
  {
    "id": "4f1d6b5d-94b6-47e5-90c5-a584237e6ac3",
    "data": [
      {
        "text": "who is the principle for kite groups",
        "userDefined": false
      }
    ],
    "isTemplate": false,
    "count": 0,
    "lang": "en",
    "updated": 0
  }
]